{"flutter":{"platforms":{"android":{"default":{"projectId":"timeless-6cdf9","appId":"1:266056580802:android:6e7f5d338f7d4e92e9855b","fileOutput":"android/app/google-services.json"}},"dart":{"lib/firebase_options.dart":{"projectId":"timeless-6cdf9","configurations":{"android":"1:266056580802:android:6e7f5d338f7d4e92e9855b","ios":"1:266056580802:ios:fc7c987d1d066e58e9855b","macos":"1:266056580802:ios:fc7c987d1d066e58e9855b","web":"1:266056580802:web:709e2eb5210e6df9e9855b","windows":"1:266056580802:web:d7c84116db04def6e9855b"}}}}}}